{
  "build": "0",
  "build_number": 0,
  "channel": "https://repo.anaconda.com/pkgs/main/osx-64",
  "constrains": [],
  "depends": [],
  "extracted_package_dir": "/Users/jacobtadesse/anaconda3/pkgs/ca-certificates-2020.10.14-0",
  "features": "",
  "files": [
    "ssl/cacert.pem",
    "ssl/cert.pem"
  ],
  "fn": "ca-certificates-2020.10.14-0.conda",
  "legacy_bz2_md5": "a894a257ca27119745c5737cb95fc39e",
  "license": "MPL 2.0",
  "link": {
    "source": "/Users/jacobtadesse/anaconda3/pkgs/ca-certificates-2020.10.14-0",
    "type": 1
  },
  "md5": "d29669bd51a902ae8cc9e7500773945e",
  "name": "ca-certificates",
  "package_tarball_full_path": "/Users/jacobtadesse/anaconda3/pkgs/ca-certificates-2020.10.14-0.conda",
  "paths_data": {
    "paths": [
      {
        "_path": "ssl/cacert.pem",
        "path_type": "hardlink",
        "sha256": "2782f0f8e89c786f40240fc1916677be660fb8d8e25dede50c9f6f7b0c2c2178",
        "sha256_in_prefix": "2782f0f8e89c786f40240fc1916677be660fb8d8e25dede50c9f6f7b0c2c2178",
        "size_in_bytes": 222172
      },
      {
        "_path": "ssl/cert.pem",
        "path_type": "softlink",
        "sha256": "2782f0f8e89c786f40240fc1916677be660fb8d8e25dede50c9f6f7b0c2c2178",
        "size_in_bytes": 222172
      }
    ],
    "paths_version": 1
  },
  "requested_spec": "None",
  "sha256": "503753405ba39f1268c83924932ffc68cb0edcd6363a336df7347de8b8698dc7",
  "size": 124101,
  "subdir": "osx-64",
  "timestamp": 1602686187249,
  "track_features": "",
  "url": "https://repo.anaconda.com/pkgs/main/osx-64/ca-certificates-2020.10.14-0.conda",
  "version": "2020.10.14"
}