{
  "build": "py_0",
  "build_number": 0,
  "channel": "https://repo.anaconda.com/pkgs/main/noarch",
  "constrains": [],
  "depends": [
    "python"
  ],
  "extracted_package_dir": "/Users/jacobtadesse/anaconda3/pkgs/wheel-0.35.1-py_0",
  "features": "",
  "files": [
    "lib/python3.7/site-packages/wheel-0.35.1-py3.6.egg-info/PKG-INFO",
    "lib/python3.7/site-packages/wheel-0.35.1-py3.6.egg-info/SOURCES.txt",
    "lib/python3.7/site-packages/wheel-0.35.1-py3.6.egg-info/dependency_links.txt",
    "lib/python3.7/site-packages/wheel-0.35.1-py3.6.egg-info/entry_points.txt",
    "lib/python3.7/site-packages/wheel-0.35.1-py3.6.egg-info/not-zip-safe",
    "lib/python3.7/site-packages/wheel-0.35.1-py3.6.egg-info/requires.txt",
    "lib/python3.7/site-packages/wheel-0.35.1-py3.6.egg-info/top_level.txt",
    "lib/python3.7/site-packages/wheel/__init__.py",
    "lib/python3.7/site-packages/wheel/__main__.py",
    "lib/python3.7/site-packages/wheel/bdist_wheel.py",
    "lib/python3.7/site-packages/wheel/cli/__init__.py",
    "lib/python3.7/site-packages/wheel/cli/convert.py",
    "lib/python3.7/site-packages/wheel/cli/pack.py",
    "lib/python3.7/site-packages/wheel/cli/unpack.py",
    "lib/python3.7/site-packages/wheel/macosx_libfile.py",
    "lib/python3.7/site-packages/wheel/metadata.py",
    "lib/python3.7/site-packages/wheel/pkginfo.py",
    "lib/python3.7/site-packages/wheel/util.py",
    "lib/python3.7/site-packages/wheel/vendored/__init__.py",
    "lib/python3.7/site-packages/wheel/vendored/packaging/__init__.py",
    "lib/python3.7/site-packages/wheel/vendored/packaging/_typing.py",
    "lib/python3.7/site-packages/wheel/vendored/packaging/tags.py",
    "lib/python3.7/site-packages/wheel/wheelfile.py",
    "lib/python3.7/site-packages/wheel/__pycache__/__init__.cpython-37.pyc",
    "lib/python3.7/site-packages/wheel/__pycache__/__main__.cpython-37.pyc",
    "lib/python3.7/site-packages/wheel/__pycache__/bdist_wheel.cpython-37.pyc",
    "lib/python3.7/site-packages/wheel/cli/__pycache__/__init__.cpython-37.pyc",
    "lib/python3.7/site-packages/wheel/cli/__pycache__/convert.cpython-37.pyc",
    "lib/python3.7/site-packages/wheel/cli/__pycache__/pack.cpython-37.pyc",
    "lib/python3.7/site-packages/wheel/cli/__pycache__/unpack.cpython-37.pyc",
    "lib/python3.7/site-packages/wheel/__pycache__/macosx_libfile.cpython-37.pyc",
    "lib/python3.7/site-packages/wheel/__pycache__/metadata.cpython-37.pyc",
    "lib/python3.7/site-packages/wheel/__pycache__/pkginfo.cpython-37.pyc",
    "lib/python3.7/site-packages/wheel/__pycache__/util.cpython-37.pyc",
    "lib/python3.7/site-packages/wheel/vendored/__pycache__/__init__.cpython-37.pyc",
    "lib/python3.7/site-packages/wheel/vendored/packaging/__pycache__/__init__.cpython-37.pyc",
    "lib/python3.7/site-packages/wheel/vendored/packaging/__pycache__/_typing.cpython-37.pyc",
    "lib/python3.7/site-packages/wheel/vendored/packaging/__pycache__/tags.cpython-37.pyc",
    "lib/python3.7/site-packages/wheel/__pycache__/wheelfile.cpython-37.pyc",
    "bin/wheel"
  ],
  "fn": "wheel-0.35.1-py_0.conda",
  "legacy_bz2_md5": "9c75d27bfc81b445298eba0ebb088c15",
  "license": "MIT",
  "link": {
    "source": "/Users/jacobtadesse/anaconda3/pkgs/wheel-0.35.1-py_0",
    "type": 1
  },
  "md5": "5a0f99dc193a8e6ea79eb05d1505ae51",
  "name": "wheel",
  "noarch": "python",
  "package_tarball_full_path": "/Users/jacobtadesse/anaconda3/pkgs/wheel-0.35.1-py_0.conda",
  "package_type": "noarch_python",
  "paths_data": {
    "paths": [
      {
        "_path": "site-packages/wheel-0.35.1-py3.6.egg-info/PKG-INFO",
        "path_type": "hardlink",
        "sha256": "ce278871dc7b1950ccfc799368ed4cf748ae372dbc65d5a6c578f2aa0b93ba99",
        "sha256_in_prefix": "ce278871dc7b1950ccfc799368ed4cf748ae372dbc65d5a6c578f2aa0b93ba99",
        "size_in_bytes": 2408
      },
      {
        "_path": "site-packages/wheel-0.35.1-py3.6.egg-info/SOURCES.txt",
        "path_type": "hardlink",
        "sha256": "b1537dda333d10647159e42cc5ebc424a1eacc18156d6c463f58bb9fcbc11993",
        "sha256_in_prefix": "b1537dda333d10647159e42cc5ebc424a1eacc18156d6c463f58bb9fcbc11993",
        "size_in_bytes": 1985
      },
      {
        "_path": "site-packages/wheel-0.35.1-py3.6.egg-info/dependency_links.txt",
        "path_type": "hardlink",
        "sha256": "01ba4719c80b6fe911b091a7c05124b64eeece964e09c058ef8f9805daca546b",
        "sha256_in_prefix": "01ba4719c80b6fe911b091a7c05124b64eeece964e09c058ef8f9805daca546b",
        "size_in_bytes": 1
      },
      {
        "_path": "site-packages/wheel-0.35.1-py3.6.egg-info/entry_points.txt",
        "path_type": "hardlink",
        "sha256": "37c1db605493df2acd418781db05d60443d4845b04b4a3513da0851893f2ab27",
        "sha256_in_prefix": "37c1db605493df2acd418781db05d60443d4845b04b4a3513da0851893f2ab27",
        "size_in_bytes": 108
      },
      {
        "_path": "site-packages/wheel-0.35.1-py3.6.egg-info/not-zip-safe",
        "path_type": "hardlink",
        "sha256": "01ba4719c80b6fe911b091a7c05124b64eeece964e09c058ef8f9805daca546b",
        "sha256_in_prefix": "01ba4719c80b6fe911b091a7c05124b64eeece964e09c058ef8f9805daca546b",
        "size_in_bytes": 1
      },
      {
        "_path": "site-packages/wheel-0.35.1-py3.6.egg-info/requires.txt",
        "path_type": "hardlink",
        "sha256": "ed39738d628f8c7ad4a82ba62ae1b32f2fb9ec2bf5b3b7121eaea76a31fcceeb",
        "sha256_in_prefix": "ed39738d628f8c7ad4a82ba62ae1b32f2fb9ec2bf5b3b7121eaea76a31fcceeb",
        "size_in_bytes": 33
      },
      {
        "_path": "site-packages/wheel-0.35.1-py3.6.egg-info/top_level.txt",
        "path_type": "hardlink",
        "sha256": "1f148121b804b2d30f7b87856b0840eba32af90607328a5756802771f8dbff57",
        "sha256_in_prefix": "1f148121b804b2d30f7b87856b0840eba32af90607328a5756802771f8dbff57",
        "size_in_bytes": 6
      },
      {
        "_path": "site-packages/wheel/__init__.py",
        "path_type": "hardlink",
        "sha256": "6dd684ac1f32c28e1f19e92a8adad97a7820d673073ebc4387914c3e7413f242",
        "sha256_in_prefix": "6dd684ac1f32c28e1f19e92a8adad97a7820d673073ebc4387914c3e7413f242",
        "size_in_bytes": 23
      },
      {
        "_path": "site-packages/wheel/__main__.py",
        "path_type": "hardlink",
        "sha256": "945f982cee217509a85ae87879665df182f553de5149d9bbeac34b0576b4be31",
        "sha256_in_prefix": "945f982cee217509a85ae87879665df182f553de5149d9bbeac34b0576b4be31",
        "size_in_bytes": 417
      },
      {
        "_path": "site-packages/wheel/bdist_wheel.py",
        "path_type": "hardlink",
        "sha256": "378b13fbda7d2c3bf7b932a4a4f98961c431ed103c1c6392d6670bc686d97409",
        "sha256_in_prefix": "378b13fbda7d2c3bf7b932a4a4f98961c431ed103c1c6392d6670bc686d97409",
        "size_in_bytes": 18417
      },
      {
        "_path": "site-packages/wheel/cli/__init__.py",
        "path_type": "hardlink",
        "sha256": "1964a8194a5169b4dff1b93716c3533eb73916cafc60ebf6757e79898d96ede6",
        "sha256_in_prefix": "1964a8194a5169b4dff1b93716c3533eb73916cafc60ebf6757e79898d96ede6",
        "size_in_bytes": 2572
      },
      {
        "_path": "site-packages/wheel/cli/convert.py",
        "path_type": "hardlink",
        "sha256": "ec5e2f8f6dc0d8e8210c35a7f605f657efd37973336b56b99c87a39851845093",
        "sha256_in_prefix": "ec5e2f8f6dc0d8e8210c35a7f605f657efd37973336b56b99c87a39851845093",
        "size_in_bytes": 9498
      },
      {
        "_path": "site-packages/wheel/cli/pack.py",
        "path_type": "hardlink",
        "sha256": "4be275888cb518f0d34c3767fbf4b0c466bb37bdbd878899348d75103142a9f0",
        "sha256_in_prefix": "4be275888cb518f0d34c3767fbf4b0c466bb37bdbd878899348d75103142a9f0",
        "size_in_bytes": 3208
      },
      {
        "_path": "site-packages/wheel/cli/unpack.py",
        "path_type": "hardlink",
        "sha256": "d155b34fb53fc727a74cfc0455abf1aaf75e7bddc63ef0051e747752ef756917",
        "sha256_in_prefix": "d155b34fb53fc727a74cfc0455abf1aaf75e7bddc63ef0051e747752ef756917",
        "size_in_bytes": 673
      },
      {
        "_path": "site-packages/wheel/macosx_libfile.py",
        "path_type": "hardlink",
        "sha256": "83740503b8a82c88294f96d1db60d61c0a0b2516ac873b59f8dc894835cba876",
        "sha256_in_prefix": "83740503b8a82c88294f96d1db60d61c0a0b2516ac873b59f8dc894835cba876",
        "size_in_bytes": 14826
      },
      {
        "_path": "site-packages/wheel/metadata.py",
        "path_type": "hardlink",
        "sha256": "6f790f8599f6c360fdc1e9e096d5f99c621943711150e43953e2b9bc728f75e8",
        "sha256_in_prefix": "6f790f8599f6c360fdc1e9e096d5f99c621943711150e43953e2b9bc728f75e8",
        "size_in_bytes": 4344
      },
      {
        "_path": "site-packages/wheel/pkginfo.py",
        "path_type": "hardlink",
        "sha256": "191efa92ea50ce7d71f6c283697b84e81e85b19e0e91f46d1bba677655cfbd0e",
        "sha256_in_prefix": "191efa92ea50ce7d71f6c283697b84e81e85b19e0e91f46d1bba677655cfbd0e",
        "size_in_bytes": 1257
      },
      {
        "_path": "site-packages/wheel/util.py",
        "path_type": "hardlink",
        "sha256": "9a73599090a2f431cb23fab8953b9da03d265bdee1fc0a005a5ee9acd3cb5c97",
        "sha256_in_prefix": "9a73599090a2f431cb23fab8953b9da03d265bdee1fc0a005a5ee9acd3cb5c97",
        "size_in_bytes": 938
      },
      {
        "_path": "site-packages/wheel/vendored/__init__.py",
        "path_type": "hardlink",
        "sha256": "e3b0c44298fc1c149afbf4c8996fb92427ae41e4649b934ca495991b7852b855",
        "sha256_in_prefix": "e3b0c44298fc1c149afbf4c8996fb92427ae41e4649b934ca495991b7852b855",
        "size_in_bytes": 0
      },
      {
        "_path": "site-packages/wheel/vendored/packaging/__init__.py",
        "path_type": "hardlink",
        "sha256": "e3b0c44298fc1c149afbf4c8996fb92427ae41e4649b934ca495991b7852b855",
        "sha256_in_prefix": "e3b0c44298fc1c149afbf4c8996fb92427ae41e4649b934ca495991b7852b855",
        "size_in_bytes": 0
      },
      {
        "_path": "site-packages/wheel/vendored/packaging/_typing.py",
        "path_type": "hardlink",
        "sha256": "9d2aaf77d2b3282879a639ee189c8663685f020a0796cc3dfe487d7e19b511bc",
        "sha256_in_prefix": "9d2aaf77d2b3282879a639ee189c8663685f020a0796cc3dfe487d7e19b511bc",
        "size_in_bytes": 1846
      },
      {
        "_path": "site-packages/wheel/vendored/packaging/tags.py",
        "path_type": "hardlink",
        "sha256": "580f03b97775dcbd1239a240f1e58e581810258d0037cf2ab717dc6ffbd05b1e",
        "sha256_in_prefix": "580f03b97775dcbd1239a240f1e58e581810258d0037cf2ab717dc6ffbd05b1e",
        "size_in_bytes": 24102
      },
      {
        "_path": "site-packages/wheel/wheelfile.py",
        "path_type": "hardlink",
        "sha256": "eca80e2b5ce7ae8f83f007a580d104e2383a7c361763f06ee9cadda8b6f61104",
        "sha256_in_prefix": "eca80e2b5ce7ae8f83f007a580d104e2383a7c361763f06ee9cadda8b6f61104",
        "size_in_bytes": 7336
      },
      {
        "_path": "lib/python3.7/site-packages/wheel/__pycache__/__init__.cpython-37.pyc",
        "path_type": "pyc_file"
      },
      {
        "_path": "lib/python3.7/site-packages/wheel/__pycache__/__main__.cpython-37.pyc",
        "path_type": "pyc_file"
      },
      {
        "_path": "lib/python3.7/site-packages/wheel/__pycache__/bdist_wheel.cpython-37.pyc",
        "path_type": "pyc_file"
      },
      {
        "_path": "lib/python3.7/site-packages/wheel/cli/__pycache__/__init__.cpython-37.pyc",
        "path_type": "pyc_file"
      },
      {
        "_path": "lib/python3.7/site-packages/wheel/cli/__pycache__/convert.cpython-37.pyc",
        "path_type": "pyc_file"
      },
      {
        "_path": "lib/python3.7/site-packages/wheel/cli/__pycache__/pack.cpython-37.pyc",
        "path_type": "pyc_file"
      },
      {
        "_path": "lib/python3.7/site-packages/wheel/cli/__pycache__/unpack.cpython-37.pyc",
        "path_type": "pyc_file"
      },
      {
        "_path": "lib/python3.7/site-packages/wheel/__pycache__/macosx_libfile.cpython-37.pyc",
        "path_type": "pyc_file"
      },
      {
        "_path": "lib/python3.7/site-packages/wheel/__pycache__/metadata.cpython-37.pyc",
        "path_type": "pyc_file"
      },
      {
        "_path": "lib/python3.7/site-packages/wheel/__pycache__/pkginfo.cpython-37.pyc",
        "path_type": "pyc_file"
      },
      {
        "_path": "lib/python3.7/site-packages/wheel/__pycache__/util.cpython-37.pyc",
        "path_type": "pyc_file"
      },
      {
        "_path": "lib/python3.7/site-packages/wheel/vendored/__pycache__/__init__.cpython-37.pyc",
        "path_type": "pyc_file"
      },
      {
        "_path": "lib/python3.7/site-packages/wheel/vendored/packaging/__pycache__/__init__.cpython-37.pyc",
        "path_type": "pyc_file"
      },
      {
        "_path": "lib/python3.7/site-packages/wheel/vendored/packaging/__pycache__/_typing.cpython-37.pyc",
        "path_type": "pyc_file"
      },
      {
        "_path": "lib/python3.7/site-packages/wheel/vendored/packaging/__pycache__/tags.cpython-37.pyc",
        "path_type": "pyc_file"
      },
      {
        "_path": "lib/python3.7/site-packages/wheel/__pycache__/wheelfile.cpython-37.pyc",
        "path_type": "pyc_file"
      },
      {
        "_path": "bin/wheel",
        "path_type": "unix_python_entry_point"
      }
    ],
    "paths_version": 1
  },
  "requested_spec": "None",
  "sha256": "79ac03a5997c16f8732b74f2a9bebb67d07dee60a2bc47b31e7ffad343f60994",
  "size": 38326,
  "subdir": "noarch",
  "timestamp": 1598371004588,
  "track_features": "",
  "url": "https://repo.anaconda.com/pkgs/main/noarch/wheel-0.35.1-py_0.conda",
  "version": "0.35.1"
}